,player_name,fantasy_pts,passing_yards,rushing_yards,rush_touchdown,pass_touchdown,interception,fumble
0,Josh Allen,328.3217,4165.549,455.41882,5.5460305,29.470123,10.505772,6.9936337
1,Jayden Daniels,286.2921,3635.9885,524.22406,4.618888,24.820543,11.190495,8.09216
2,Patrick Mahomes,282.8814,4075.1243,231.48856,1.7623637,29.811197,10.629822,5.9158735
3,Brock Purdy,266.26318,4006.6853,220.13072,2.21215,26.887745,10.990726,7.429861
4,Lamar Jackson,260.19293,3312.721,433.88474,3.6525369,24.132755,9.353115,7.7221937
5,Jordan Love,251.641,3943.4485,145.79659,1.9407054,25.99303,11.078548,7.067925
6,C.J. Stroud,250.96979,3877.164,200.13931,1.9196249,25.529814,11.474534,7.40932
7,Justin Herbert,250.70961,3770.0364,181.60472,1.6372455,25.990965,9.463251,6.5565724
8,Caleb Williams,247.17369,3574.191,340.76776,3.3011286,22.432335,11.657431,8.04598
9,Joe Burrow,238.16623,3606.848,167.83003,1.1644953,25.158556,9.984015,5.271922
10,Jared Goff,228.8616,3589.8542,85.85869,1.603776,23.65646,8.569333,5.2141237
11,Tua Tagovailoa,228.39877,3678.2166,83.00339,1.5229745,23.885525,9.463545,6.3915405
12,Jalen Hurts,223.64044,2661.2659,443.0351,4.7327814,18.553755,8.204513,6.658188
13,Bo Nix,214.09528,3122.0579,262.76105,2.5768447,20.020098,9.815309,6.4869967
14,Russell Wilson,203.05577,2831.5369,313.79004,2.9446464,18.214697,8.2266035,7.829085
15,Baker Mayfield,200.08821,2909.1096,173.38641,1.9317925,19.979025,7.8973827,4.663455
16,Geno Smith,194.01338,3135.4573,115.92318,1.0158862,20.130024,8.702069,6.104248
17,Kyler Murray,193.59866,2422.8577,369.3819,3.7961814,16.133444,6.91681,6.8655415
18,Sam Darnold,190.3339,2982.8562,124.42472,1.7110772,19.73976,9.701041,5.623123
19,Dak Prescott,164.24443,2624.1584,64.64069,0.45215297,18.380817,7.1258464,4.5852327
20,Kirk Cousins,164.11595,2897.9805,1.3647784,0.49592292,17.860607,7.9146833,5.264175
21,Matthew Stafford,163.94548,2668.947,31.642693,0.7667695,18.18201,7.268002,4.3846693
22,Drake Maye,154.87645,2106.0776,321.78275,2.7813034,12.489477,7.8247986,6.2705417
23,Trevor Lawrence,130.59436,2062.351,130.23395,1.1895816,12.51165,6.1828017,4.870786
24,Derek Carr,128.49985,2168.781,45.886635,1.0548409,13.026368,5.883095,4.7541924
25,Justin Fields,124.84841,1068.3136,458.80188,3.5511472,7.6802783,3.3690464,4.52711
26,Anthony Richardson,122.08104,1305.8783,345.6701,2.9615898,8.618637,4.122891,4.3597035
27,Deshaun Watson,108.89955,1470.6023,120.55701,0.9579962,10.890318,3.6549764,1.9897674
28,Mac Jones,108.00832,1822.7806,57.87201,0.9597095,10.954889,6.0861263,4.047834
29,Daniel Jones,100.09334,1186.509,266.38852,2.9597661,5.896324,3.6062093,4.068678
30,Jameis Winston,99.02023,1633.3234,34.661686,0.82093847,10.558674,5.3140264,3.155571
31,Sam Howell,95.20954,1486.4463,89.92524,0.8873484,9.351184,4.9955792,2.9892497
32,Jimmy Garoppolo,92.05798,1614.929,8.401072,0.27673876,10.510572,5.3158803,3.225125
33,Carson Wentz,89.29864,1361.7155,93.177795,1.1536189,8.867824,4.734146,3.7062392
34,Bryce Young,85.74308,1381.411,135.20178,1.3206773,7.2394915,5.107523,4.850261
35,Taylor Heinicke,84.10029,1442.1965,75.05849,1.0035698,7.2152853,4.825409,3.162581
36,Joe Flacco,79.77046,1354.4047,14.997015,0.40816817,9.076849,4.4319525,2.8989658
37,Aaron Rodgers,79.68277,1415.0848,6.871127,0.4023624,8.09846,3.602067,2.6058133
38,Tyrod Taylor,72.20288,899.24524,175.33987,1.6029729,4.7884884,2.3311136,2.7052414
39,Andy Dalton,70.525856,1255.1909,-3.1653953,0.44468266,8.146035,4.334479,2.9742625
40,Kenny Pickett,66.99763,1133.9359,85.29377,0.91872966,5.4379516,3.9204166,3.1562686
41,Spencer Rattler,63.3502,1054.9818,88.93003,0.99066097,5.5729094,4.717983,3.2708561
42,Gardner Minshew,59.042004,972.32043,67.66076,0.7785819,4.9520297,3.104317,2.4439328
43,Desmond Ridder,49.668446,822.188,74.35822,0.8740298,3.9986885,3.751895,2.19502
44,Nick Mullens,46.444805,959.93884,0.25793564,0.28036815,5.1428647,4.436964,2.6791399
45,Will Levis,39.96497,742.64557,52.688393,0.64064753,3.4483128,3.4374459,2.8859677
46,Tyler Huntley,37.041523,413.58453,100.47124,1.2310041,2.008071,1.2697548,1.2138907
47,Mitchell Trubisky,35.100193,515.6713,83.925446,0.7317449,2.4300086,2.1574807,1.8573748
48,Mason Rudolph,33.4485,546.60175,20.683401,0.45088893,3.3563435,1.6920719,1.6152368
49,Drew Lock,32.849564,627.7794,27.002907,0.4487868,2.8423033,2.8733494,1.6385715
50,Joe Milton,32.42428,518.71515,30.132368,0.36046526,3.1564121,2.0130885,1.049914
51,Michael Penix,32.17272,597.3135,39.081783,0.43602183,2.8659043,3.056701,1.7971703
52,Kyle Allen,29.699892,602.96606,23.178997,0.44553366,2.5297015,2.7703786,1.9939525
53,Jacoby Brissett,27.243675,478.7129,53.103176,0.67180467,1.785274,1.8418591,2.3516817
54,Joshua Dobbs,26.08646,378.0672,72.6792,0.78606725,1.5947088,1.8229574,1.8767369
55,Jarrett Stidham,25.647137,470.19107,26.556889,0.33793202,2.2286806,1.9084675,1.4707885
56,Josh Johnson,23.428375,436.61694,11.320217,0.13739353,2.4361475,1.7219534,1.1466835
57,Cooper Rush,22.212603,469.2796,10.6822605,-0.074904494,2.3837123,2.0734901,1.2826248
58,Aidan O'Connell,21.038374,510.5672,-5.837579,0.08034221,2.1649806,2.5116224,1.459644
59,Tyson Bagent,18.413788,328.57428,31.427982,0.3087382,1.3429394,1.6400418,0.90804076
60,Trey Lance,17.597149,271.6846,38.149746,0.59320533,0.7999477,0.9090139,1.0131024
61,Malik Willis,17.347174,241.9271,48.073517,0.40069205,0.94977474,0.8030734,0.8671825
62,Marcus Mariota,16.907644,95.2483,105.684265,0.90690464,0.17587793,0.7285632,1.0792637
63,Tanner McKee,16.875116,341.24957,12.25042,0.16989723,1.6675574,1.8891233,0.9556372
64,Davis Mills,12.0680895,362.78897,-12.130435,0.27632338,0.7288267,1.5985097,1.3033262
65,Clayton Tune,9.441077,208.35588,3.8142614,-0.019206736,0.9184663,0.9024997,0.5141049
66,Kyle Trask,5.7148643,105.592964,-5.094923,0.07453693,0.43734047,0.21923849,-0.12126571
67,Skylar Thompson,3.3778348,153.684,2.8075767,0.03433281,0.36152014,1.3518863,0.999294
68,Jake Haener,2.0287426,105.12244,9.20147,-0.016127555,0.086847454,1.20956,0.46390292
69,Hendon Hooker,0.2478908,37.410988,0.29425514,-0.02897575,0.06309734,0.42947438,0.24878018
70,Bailey Zappe,-0.5289495,132.8618,-10.237279,-0.21504626,0.06945038,0.9969377,0.9066712
71,Brandon Allen,-1.0730326,33.39597,0.34396866,-0.05210794,-0.14476493,0.45123982,0.32454062
72,Tommy DeVito,-3.6536198,5.8109517,17.002481,0.009780917,-0.8462368,0.50410986,0.62591225
73,Dorian Thompson-Robinson,-12.503448,-219.93913,9.909858,0.10251348,-1.7402561,-0.50612324,-0.31841457
